Source,Target
879,0
1272,0
1333,0
1344,0
1491,2
729,2
265,2
345,2
894,2
0,3
815,3
1136,3
2085,3
50,4
815,4
1727,4
894,4
1738,4
1757,5
1768,5
906,5
962,5
259,6
255,6
1761,6
1875,6
1995,6
919,7
1949,7
867,7
1096,7
1341,8
2187,8
2153,9
1225,9
2200,9
1403,10
1041,10
890,10
1750,10
1763,10
1385,11
1474,11
243,11
1762,11
917,11
1377,12
67,12
780,12
255,12
1423,13
1748,13
1787,13
259,14
1762,14
1845,14
395,14
1953,15
2047,15
259,16
1092,16
1047,16
0,17
50,17
683,17
733,17
1727,17
7,18
1783,18
919,18
960,18
1836,18
67,19
884,19
911,19
1761,19
295,19
7,20
1663,20
345,20
980,20
12,21
17,21
255,21
295,21
1969,21
0,22
1408,22
1423,22
729,22
1727,22
67,23
1762,23
294,23
261,23
315,23
0,24
1779,24
923,24
261,24
1894,24
1068,25
401,25
1172,25
2010,25
980,26
988,26
1075,26
1966,26
1828,27
894,28
1799,28
1894,28
2057,28
1310,28
898,29
901,29
1770,29
292,29
1731,30
259,30
924,30
992,30
1853,30
273,31
269,31
1913,31
2002,31
1084,31
1564,32
1913,32
67,33
1989,33
421,33
450,33
1491,34
1518,34
1663,34
890,34
262,34
894,36
1003,36
1851,36
1845,36
2037,36
273,37
1820,37
295,37
363,37
1970,38
1138,38
394,38
1124,38
2040,38
255,39
1939,39
964,39
2155,39
1100,40
1168,40
330,41
259,42
255,42
1964,42
397,42
1938,42
0,43
433,43
2116,43
905,44
1805,44
973,44
949,44
265,45
960,45
1807,45
1051,45
392,45
1805,46
978,46
1083,46
366,46
909,47
273,47
523,47
986,48
1806,48
1975,48
35,50
255,50
958,52
2171,52
1609,53
356,53
1991,53
387,53
67,54
960,54
1760,54
1019,54
2002,54
1491,55
1576,55
1759,55
259,55
274,55
261,56
986,56
1172,56
585,57
261,57
339,57
350,57
1125,57
1423,58
67,58
1491,58
259,58
268,59
261,59
290,59
2001,59
1045,59
729,60
1693,60
1168,60
1346,60
1727,61
884,61
980,61
988,61
1894,61
2172,62
1408,63
1491,63
1564,63
1727,63
1759,63
0,64
7,64
1408,64
64,64
67,64
653,65
906,65
1125,65
421,65
903,66
1041,66
931,66
286,66
1986,66
1474,68
1469,68
887,68
1763,68
947,68
1805,69
953,69
1897,69
1039,69
295,70
310,70
392,70
1980,70
1938,70
956,71
1011,71
974,71
1098,71
1157,72
2096,72
1306,72
1905,73
367,73
1998,73
2124,73
384,74
1269,74
473,74
1779,75
956,75
1768,75
261,75
1819,75
320,76
383,76
398,76
273,78
1787,78
997,78
1029,78
354,78
940,79
255,79
261,79
1797,79
342,80
1065,80
1069,80
387,80
1985,80
397,81
367,81
1143,81
2080,81
1212,81
50,82
1575,82
251,82
1761,82
67,83
891,83
957,83
1791,83
1875,83
0,84
58,84
255,84
1788,84
261,84
1854,85
1069,85
1385,86
1491,86
1041,86
1763,86
1802,86
1663,87
1759,87
345,87
1742,87
262,87
758,88
1938,88
384,88
1491,89
958,89
1807,89
1944,89
435,89
255,90
919,90
942,90
962,90
1883,90
1163,91
1818,92
510,92
2176,92
2182,92
1808,93
1886,93
2044,93
259,94
981,94
1111,94
1003,94
894,95
1769,95
1047,95
399,95
255,96
254,96
988,96
1845,96
316,96
548,97
1380,97
1382,97
1381,97
35,97
0,98
294,98
943,98
906,99
1112,99
255,100
254,100
1761,100
1824,100
357,100
251,101
894,101
901,101
255,101
329,101
988,102
1838,102
390,102
1165,102
478,102
1609,103
894,103
1795,103
322,103
1491,104
1759,104
259,104
1111,104
1769,104
149,105
1727,105
924,105
967,105
1763,105
1845,106
1056,106
1117,106
397,106
1938,106
255,107
967,107
970,107
1849,107
1609,108
269,108
1801,108
377,108
1236,108
953,109
966,109
414,109
2113,109
2133,109
1491,110
2031,110
1224,110
973,111
313,111
1026,111
255,112
934,112
1761,112
1663,113
259,113
973,113
1006,113
1954,113
1026,114
1114,114
1095,114
2048,114
2035,114
988,115
989,115
337,115
274,116
1938,116
1240,116
1326,116
254,117
1944,117
351,117
1076,117
1920,118
2068,118
271,118
67,119
1514,119
1678,119
890,119
1763,119
1509,120
1693,120
288,120
1929,120
1998,120
1807,121
1989,121
2057,121
1283,121
265,122
897,122
255,122
262,122
289,122
912,123
858,123
1779,123
299,123
1068,123
345,124
1807,124
1851,124
1916,124
1065,124
67,125
901,125
254,125
1836,125
357,125
259,126
255,126
1761,126
979,127
2089,127
1249,127
1273,127
1491,128
254,128
1748,128
276,128
1805,128
255,129
1761,129
1807,129
283,129
1812,129
67,130
255,130
1762,130
1748,130
1916,130
894,131
1838,131
1973,131
7,132
1762,132
287,132
1692,133
1575,133
255,133
273,133
317,133
1818,134
1073,134
1076,134
406,134
1438,135
1813,135
1020,135
1957,135
994,136
2021,136
1141,136
1956,136
1174,136
1385,137
1382,137
874,137
248,137
1041,137
984,138
1928,138
377,138
1988,138
7,139
345,139
1959,139
67,140
1056,140
1205,141
973,142
1974,142
1966,142
488,142
544,143
1768,143
1770,143
1074,143
1931,143
261,144
1953,145
1154,146
1147,146
2079,146
255,147
254,147
1761,147
1805,147
988,147
36,148
255,148
299,148
1845,148
1118,148
441,149
1238,149
495,149
0,150
262,150
1845,150
1026,150
1997,151
454,151
255,152
1851,152
1075,152
1163,152
1308,152
345,153
1791,153
1016,153
259,154
1761,154
1155,154
1761,155
374,155
370,155
1287,155
1408,156
254,156
1851,156
311,156
1068,156
1783,157
1749,157
352,157
435,157
438,157
54,158
252,158
973,158
1135,158
1984,158
894,159
1926,159
466,159
1727,160
1805,160
1188,160
1289,160
292,161
1754,161
281,161
949,161
1115,161
52,162
1526,162
879,162
913,162
255,162
1491,163
1742,163
1748,163
748,164
956,164
1048,164
1078,164
363,164
2012,165
0,166
1727,166
276,166
1761,166
259,167
1841,167
1263,167
259,168
1994,168
384,168
1491,169
259,169
981,169
1974,169
7,170
49,170
948,170
1812,170
897,171
901,171
1768,171
1761,171
973,171
2122,172
2136,172
1,173
50,173
314,173
355,173
426,173
67,174
991,174
1894,174
2137,174
259,175
295,175
973,175
1002,175
1125,175
1898,176
1838,177
427,177
1330,177
299,178
952,178
261,178
1817,178
1848,178
50,179
314,179
329,179
2002,179
447,179
50,180
16,180
1759,180
259,180
273,180
67,181
894,181
988,181
2041,181
894,182
1761,182
375,182
1210,182
889,183
1111,183
1003,183
976,183
1157,183
640,184
253,184
894,184
255,184
868,184
255,185
1969,185
1925,185
991,186
421,186
1179,186
265,187
1972,187
1094,187
162,188
879,188
264,188
1815,188
1004,188
1727,189
1491,190
265,190
1739,190
345,190
894,190
7,191
288,191
1034,191
1089,191
1564,192
1871,192
962,192
1777,193
958,193
274,193
1791,193
989,193
52,194
1692,194
1989,194
448,194
1261,194
1051,195
475,195
1207,195
265,196
1783,196
349,196
1880,196
1955,196
1891,197
1801,198
1026,198
311,199
314,199
413,199
503,199
2167,199
67,200
395,200
1491,201
1576,201
1111,201
1025,201
7,202
255,202
273,202
1740,203
1027,203
1279,203
490,203
1268,203
52,204
1423,204
1491,204
729,204
345,204
1564,205
1762,205
987,205
1763,205
259,206
352,206
653,207
255,207
1807,207
973,207
385,207
894,208
346,208
478,208
1058,208
509,208
901,209
1846,209
1754,209
1056,209
1135,209
50,210
1786,210
300,210
1839,210
322,210
798,211
884,211
1761,211
1026,211
1096,211
1609,212
973,212
1907,212
2018,212
1210,212
1998,213
263,214
1754,214
1880,214
640,215
623,215
1837,215
963,215
1072,215
1783,216
1749,216
2131,216
1935,216
894,217
967,218
970,218
989,218
1849,218
1663,219
259,219
496,219
535,219
1417,220
1770,220
274,220
1831,220
273,221
1897,221
536,221
1400,222
774,222
960,222
986,222
1997,222
0,223
1727,223
432,223
1145,223
1727,224
1745,224
1768,224
989,224
1905,224
144,225
1727,225
1047,225
374,225
1921,225
374,226
1276,226
1267,226
965,227
1086,227
67,228
980,228
331,228
994,228
1923,228
1105,229
653,230
2045,230
1214,230
1788,231
1898,231
1980,231
1260,231
255,232
956,232
1373,232
908,233
1997,233
481,233
1944,234
1913,234
1096,234
370,234
1303,234
894,235
1178,235
1349,235
894,236
317,236
329,236
1878,236
1210,236
1788,237
930,237
2120,237
7,238
955,238
2020,238
2070,238
1228,238
1783,239
1801,239
1026,239
362,239
396,239
901,240
1768,240
273,240
261,240
1897,240
879,241
255,241
312,241
1838,241
1302,241
1791,242
370,242
1139,242
271,242
58,243
1962,244
1987,244
500,244
502,244
2138,244
2168,245
2180,245
1053,246
1382,248
1491,248
1518,248
1677,248
52,249
897,249
980,249
1768,249
988,249
1408,250
815,250
1727,250
1741,250
1788,251
373,251
1989,251
1094,251
1996,251
1048,253
259,256
274,256
353,256
1946,256
615,258
1509,258
670,258
2065,258
913,258
1261,263
338,266
2011,267
2093,267
815,268
2012,268
1365,268
1374,268
406,270
1220,270
494,270
1357,270
858,271
355,271
1902,271
1827,277
1033,277
531,277
50,278
52,278
729,278
906,278
265,279
259,279
255,279
1761,279
1807,279
50,280
52,280
2093,280
1491,282
265,282
1759,282
901,282
1111,282
52,283
1,285
920,285
1997,285
1761,286
504,286
315,289
305,289
1045,289
973,291
1029,291
1036,291
1054,291
1914,291
293,293
290,296
1803,298
1892,298
1363,298
538,300
1413,302
67,303
300,303
433,303
1047,304
1938,304
379,304
265,306
897,306
1768,306
287,306
1663,307
988,307
1015,307
305,307
52,308
1103,308
374,308
2084,308
2103,309
521,309
67,313
897,313
1818,318
1790,321
0,323
957,323
2108,323
12,325
1564,325
1663,325
257,325
907,325
743,328
815,328
1727,328
1890,336
1157,336
166,338
729,340
897,340
956,340
254,340
1068,340
860,341
2065,341
1803,341
410,341
1,343
1050,344
1007,344
1089,344
437,344
1041,347
882,347
1000,347
1911,361
1803,363
894,364
1509,365
493,398
2171,411
729,432
259,483
326,544
2205,544
1377,545
1408,545
58,545
1570,545
265,545
1805,546
301,546
488,546
1233,546
1375,547
265,547
1120,547
1280,547
251,549
1791,549
1826,549
1031,549
1880,549
0,550
1491,550
648,550
1779,550
905,550
1414,551
1382,552
1385,552
1403,552
1470,552
223,552
670,553
897,553
255,553
1761,553
67,554
273,554
420,554
2061,554
729,555
1764,555
1845,555
1038,555
1065,555
1727,556
960,556
973,556
1160,556
17,557
1008,557
297,557
276,558
1838,558
1337,558
2198,558
532,558
1400,559
733,559
909,559
1768,559
261,559
255,560
1805,560
2068,560
77,561
1564,561
259,561
255,561
67,562
1491,562
897,562
1026,562
2021,562
1423,563
265,563
1807,563
1018,563
1382,564
1417,564
901,564
1872,564
1564,565
257,565
1750,565
1747,565
287,565
894,566
276,566
786,567
956,567
948,567
1804,567
653,569
67,569
1807,569
973,569
1897,569
50,570
255,570
261,570
1825,570
1078,570
0,571
1400,571
255,571
272,571
670,572
973,572
312,572
1864,572
1107,572
250,573
1027,573
1916,573
1113,573
407,573
265,574
916,574
1807,574
973,574
1872,574
1392,575
552,575
67,575
1491,575
1520,575
901,576
1768,576
1803,576
1056,576
670,577
259,577
1026,577
1663,578
1759,578
894,578
1753,578
1839,579
967,580
334,580
1138,580
2099,580
1879,581
2140,581
0,582
558,582
879,582
891,582
1748,582
0,583
1564,583
1575,583
894,583
255,583
1055,584
374,584
2009,584
2191,584
1491,586
883,586
345,586
255,586
901,586
1663,587
894,587
255,587
991,587
1397,589
1041,589
255,589
929,589
1763,589
729,590
946,590
952,590
1038,590
273,591
1965,591
2026,591
2049,591
967,592
1875,592
1915,592
498,592
1936,592
1491,593
273,593
261,593
1019,593
1099,593
879,594
1761,594
1019,594
1138,594
1358,594
919,595
280,595
992,595
333,595
2069,595
50,596
670,596
1703,596
895,596
273,596
0,597
2000,597
1221,597
980,598
919,598
1949,598
1913,598
1609,599
661,599
1026,599
991,599
1068,599
50,600
1807,600
289,600
1068,600
758,601
1829,601
395,601
887,602
940,602
923,602
299,602
927,602
255,603
886,604
1934,604
1178,604
584,605
921,605
984,605
1862,605
288,606
885,606
967,606
421,606
894,607
1807,607
1008,607
1801,607
1984,607
0,608
1491,608
1564,608
1755,608
67,609
1491,609
901,609
904,609
262,609
562,610
565,610
36,610
637,610
257,610
67,611
980,611
1080,611
1138,611
401,611
7,612
973,612
1924,612
415,612
2204,613
923,613
1842,613
1983,613
1997,614
2008,614
1199,614
462,614
2150,614
2059,615
1364,615
0,617
915,617
1851,617
255,618
884,618
1078,618
52,619
858,620
1832,620
1836,620
1038,620
1075,620
1004,621
1895,621
1039,621
50,622
706,622
279,622
50,623
858,623
255,623
273,623
1825,623
261,624
299,624
1869,624
1115,624
1172,624
933,625
1748,625
276,625
1797,625
1075,625
894,626
0,627
1491,627
266,627
897,627
255,627
858,628
255,628
884,628
1825,628
67,629
894,629
311,629
2041,629
1179,630
259,631
1026,631
395,631
1984,631
416,631
894,632
317,632
2150,632
1491,633
758,633
1795,633
1610,634
273,634
906,634
1835,634
973,634
894,635
901,635
295,635
1576,636
255,636
259,636
262,636
1787,636
67,637
901,637
884,637
329,637
1149,638
1173,638
1224,638
1223,638
2126,638
0,639
1147,639
1093,639
900,640
358,640
1106,640
1997,640
1385,641
1382,641
1692,641
1762,641
277,641
67,642
1727,642
345,642
254,642
1491,643
815,643
1731,643
252,643
1947,643
910,644
336,644
1760,645
1894,645
1138,645
1938,645
1258,645
1564,646
1783,646
273,646
758,647
904,647
1760,647
1025,647
0,648
272,648
1138,648
1338,648
1353,648
1414,649
1083,650
1126,650
2072,650
2109,650
49,651
1792,651
1812,651
983,651
67,652
1727,652
1775,652
1807,652
295,652
1961,654
1282,654
1663,655
901,655
988,655
1845,655
322,655
1384,656
1008,656
1564,657
1682,657
1947,657
1682,658
541,658
0,659
1840,659
1727,660
1860,660
411,660
1907,660
1190,661
1474,662
890,662
262,662
1763,662
973,662
1408,663
1727,663
1746,663
1003,663
1051,663
897,664
858,664
901,664
984,664
331,664
980,665
1065,665
1006,665
1141,665
387,665
872,666
1768,666
1845,666
1760,666
1026,666
1423,667
758,667
1768,667
1382,668
1403,668
1454,668
49,668
1812,668
1385,669
555,669
905,669
919,669
262,669
1609,671
1754,671
1860,671
1727,672
1692,672
296,672
1748,672
1077,672
295,673
310,673
376,673
2013,673
1758,674
52,675
328,675
276,675
958,675
1838,675
273,676
1798,676
1838,676
1290,676
0,677
1423,677
261,677
1191,677
1903,677
255,678
1835,678
973,678
1056,678
1955,678
729,679
1102,679
2170,680
50,681
913,681
960,681
2014,681
433,681
255,682
967,682
1804,682
1845,682
0,683
879,683
1748,683
1807,683
261,683
1767,684
330,684
1184,684
252,685
1783,685
996,685
1009,685
255,686
1838,686
1980,686
1145,686
894,687
1748,687
927,687
1213,687
1046,687
165,688
1255,688
369,688
295,689
1291,689
258,690
1997,690
1417,691
270,691
1341,691
1056,692
1295,692
1359,692
374,693
1955,693
1760,694
7,695
1727,695
1743,695
924,695
906,695
1491,696
897,696
984,696
1065,696
278,697
1231,697
1843,697
2114,697
543,697
1609,698
1871,698
1992,698
0,699
891,699
312,699
1114,699
259,700
255,700
292,700
916,701
894,701
926,701
354,701
1942,701
255,702
923,702
269,702
997,702
550,703
50,703
729,703
1703,703
1742,703
3,704
1491,704
266,704
894,704
974,704
1838,705
1075,705
2100,705
2110,706
295,707
1049,707
2060,707
428,707
1841,708
295,708
310,708
1384,709
1423,709
255,709
261,709
1869,709
67,710
1807,710
988,710
1769,710
326,711
1856,711
1949,711
1209,711
412,711
1491,712
265,712
884,712
2144,712
255,713
295,713
310,713
1142,713
2036,713
1526,714
1004,714
1026,714
362,714
1727,715
894,715
1818,715
409,715
1158,715
894,716
980,716
1744,716
299,716
1845,716
67,717
334,717
2147,717
346,718
1087,718
2145,718
1491,719
1727,719
901,719
980,719
317,719
1491,721
941,721
1176,721
62,722
988,722
1928,722
405,722
443,722
894,723
1776,723
482,723
273,724
1824,724
329,724
1949,724
2021,724
1491,725
1990,725
2077,725
1246,725
1564,726
1759,726
2140,726
406,726
894,727
255,727
988,727
1239,727
1397,728
1763,728
941,728
917,730
1853,730
426,730
980,731
1845,731
1061,731
1942,731
1854,732
1075,732
464,732
1296,732
67,734
254,734
1068,734
1894,734
1056,734
67,735
959,735
953,735
973,735
1761,736
973,736
1081,736
1907,736
1076,737
1157,737
417,737
1170,737
1060,738
949,738
353,738
2016,738
1382,739
565,739
1474,739
1491,739
259,739
261,740
1805,740
1944,740
1083,740
1056,740
889,741
295,741
1975,741
355,741
2086,741
1820,742
373,742
1997,742
425,742
914,744
2046,744
442,744
1334,744
1526,745
818,745
1779,745
297,745
312,745
894,746
1964,746
426,746
467,746
1400,747
255,747
2013,747
1021,747
1234,747
1,748
0,748
50,748
255,748
1142,749
1199,749
1243,749
1213,749
1047,750
1144,750
1322,750
259,751
988,751
1042,751
994,751
1022,752
1218,752
526,752
259,753
1060,753
1047,753
1980,753
359,753
67,754
758,754
1609,754
1742,754
1731,755
1759,755
259,755
981,755
1047,755
829,756
253,756
255,756
1822,756
1761,756
1727,757
295,757
983,757
2013,757
640,759
49,759
1812,759
1969,759
1925,759
525,760
1491,761
259,761
981,761
1025,761
1845,762
2027,762
368,762
1206,762
2146,762
255,763
273,763
409,763
52,764
1663,764
988,764
1932,764
1943,764
54,765
894,765
311,765
1157,765
1397,766
928,766
1914,766
1159,766
1491,767
259,767
1761,767
981,767
1807,767
255,768
1761,768
1065,768
381,768
259,769
980,769
1111,769
280,769
1818,769
7,770
307,770
1079,770
2056,770
1070,771
1972,771
894,772
1761,772
1787,772
1003,772
906,773
304,773
281,773
342,773
1727,774
813,774
1693,774
1491,775
1564,775
259,775
988,775
292,775
259,776
1760,776
1823,776
458,776
1183,776
879,777
884,777
1232,777
2006,778
2037,778
936,779
1003,779
976,779
2009,779
1186,779
261,780
1252,780
7,781
889,781
1838,781
1949,781
1807,782
973,782
1081,782
1118,782
1943,782
2042,783
2059,784
15,785
1740,785
273,785
1997,785
1761,786
423,786
2010,786
1744,787
1820,787
301,787
1078,787
1997,787
1780,788
1868,788
1980,788
1217,788
1132,789
455,789
1251,789
474,789
1,790
888,790
261,790
959,790
1895,790
255,791
1857,791
293,791
1845,791
251,792
1776,792
1807,792
311,792
1955,792
67,793
897,793
941,793
1810,793
1385,794
929,794
1016,794
1109,794
2140,794
1237,795
0,796
813,796
1731,796
973,796
423,796
287,797
1068,797
1872,797
2097,797
1068,798
1056,798
2051,799
2104,799
1880,800
1274,800
533,800
894,801
1779,801
1845,801
1110,801
1245,801
1787,802
2068,802
513,802
67,803
1663,803
295,803
376,803
0,804
273,804
1807,804
421,804
1,805
1912,805
1992,805
0,806
315,806
986,806
1075,806
1229,806
1980,807
363,807
1925,807
1208,807
436,807
1727,808
995,808
1845,808
1063,808
1068,809
1047,809
1222,809
1491,810
259,810
254,810
1761,810
1845,810
1730,811
1893,811
323,811
1088,811
382,811
1382,812
1520,812
1041,812
1811,812
1763,812
774,813
1663,814
906,814
1868,814
1853,814
1910,814
1491,816
255,816
997,816
1895,816
342,816
1759,817
904,817
1801,817
67,818
879,818
891,818
297,818
2188,818
1008,819
310,819
1277,820
497,820
2162,820
67,821
255,821
1787,821
988,821
1845,821
1560,822
1491,822
758,822
259,822
346,823
1354,823
1219,824
0,825
879,825
891,825
312,825
1864,825
265,826
345,826
980,826
1835,826
1851,826
293,827
315,827
1845,827
1055,827
411,827
265,828
901,828
1787,828
1824,828
986,829
2175,829
901,830
259,830
1761,830
346,830
1055,830
894,831
1762,831
1026,831
1928,831
1056,831
251,832
255,832
273,832
309,832
1791,832
929,834
1763,834
326,834
1793,834
1958,834
334,835
905,836
960,836
1056,836
1952,836
437,836
295,837
390,837
363,837
1976,837
2207,838
1491,839
228,839
1742,839
980,839
356,839
815,840
1727,840
865,840
255,840
2097,840
0,841
67,841
884,841
295,841
1078,841
1663,842
2024,842
7,843
1742,843
919,843
311,843
1029,843
1024,844
472,844
1052,844
1491,845
1213,845
1062,846
966,846
2129,846
1317,846
0,847
50,847
960,847
906,847
1838,847
1575,848
1826,848
1905,848
1769,848
1047,848
326,849
1056,849
1929,849
2123,849
897,850
262,850
1912,850
1894,850
1075,850
1768,851
254,851
1430,851
1807,851
1805,851
980,852
261,852
311,852
1894,852
1081,852
319,853
1969,853
2013,853
1305,853
653,854
743,854
1693,854
1751,854
335,854
1564,855
1727,855
901,855
1783,855
1787,855
1035,856
938,856
1105,856
1182,856
2091,856
1455,857
838,857
901,857
1805,857
894,859
292,859
1891,859
52,860
1491,860
897,860
1761,860
0,861
1768,861
1748,861
1048,861
1798,861
923,862
1791,862
1875,862
1114,862
1265,862
616,863
1491,863
858,863
934,863
1824,863
2068,864
2074,864
1366,864
67,865
1727,865
1693,865
960,865
261,865
67,866
1564,866
797,866
981,866
1491,867
1663,867
1807,867
2081,868
1274,868
7,869
275,869
932,869
446,869
1845,870
1048,870
1925,870
1021,870
1282,870
2203,871
273,873
1062,873
1056,873
1137,873
1919,874
1151,874
568,875
1023,875
465,875
1275,875
815,876
1575,876
925,876
435,876
1998,876
981,877
288,877
1111,877
955,877
1874,877
1491,878
894,878
1050,878
374,878
1938,878
1756,880
1951,881
1242,881
1868,885
1950,885
2081,885
529,885
1335,885
1385,887
1474,887
1491,887
1509,887
879,887
959,888
419,888
273,889
360,889
505,889
1491,890
345,890
1054,890
1902,890
2117,890
259,892
981,892
310,892
388,892
54,893
259,893
273,893
981,893
984,893
50,895
733,895
670,895
743,895
1663,895
2171,896
261,900
1321,902
2010,903
2210,903
909,907
259,907
255,907
295,907
1897,907
1835,908
1838,908
986,911
301,911
993,911
1961,911
2105,911
1129,914
1315,914
524,914
1368,914
1385,917
1474,917
257,917
1015,917
1859,917
919,918
1871,918
352,918
1080,918
925,920
2028,920
1331,921
2083,922
1133,925
1340,925
943,927
1791,927
343,927
1213,927
2122,927
879,928
255,928
890,928
941,928
1833,928
1833,929
1826,929
1981,929
1955,929
255,937
1761,937
995,937
1845,937
295,937
315,943
542,943
902,944
1787,944
1913,944
1991,944
1845,945
1977,946
477,946
1385,947
1759,947
1762,947
1054,947
1432,950
1491,950
1752,950
1913,950
1069,950
729,951
1727,951
1005,951
1423,957
891,957
255,957
272,957
312,957
1105,961
2059,961
1261,961
1741,965
1205,965
1238,965
479,965
2206,968
2209,968
1934,969
553,971
1408,971
1435,971
588,971
52,971
255,972
1186,972
2017,972
265,975
1768,975
1748,975
269,975
330,977
316,977
1937,977
1962,977
15,982
67,982
1727,982
897,982
255,982
1385,987
67,987
1491,987
1759,987
345,987
905,990
919,990
2009,990
2166,998
2199,998
1805,1005
435,1005
2158,1009
1343,1012
1759,1013
259,1013
1791,1013
359,1013
1960,1014
906,1014
973,1014
1174,1014
1360,1020
1781,1028
1938,1029
1304,1043
1838,1049
1663,1057
1740,1057
255,1057
295,1057
973,1057
67,1071
290,1074
1663,1076
1171,1082
1975,1082
0,1098
50,1098
255,1098
1819,1098
433,1099
1266,1124
1213,1131
477,1134
961,1146
1892,1169
346,1181
2011,1186
67,1189
293,1189
374,1189
1897,1196
2042,1196
2093,1196
2176,1199
1115,1208
980,1211
1761,1211
1760,1211
1096,1211
395,1211
1309,1233
339,1240
2042,1246
1761,1277
985,1277
1838,1277
374,1277
433,1277
2171,1281
1064,1352
973,1358
312,1358
2148,1358
58,1376
1791,1376
988,1376
1829,1376
1916,1376
1414,1377
67,1377
670,1377
884,1377
326,1377
653,1378
897,1378
259,1378
871,1378
565,1379
890,1379
1740,1379
1763,1379
52,1380
1520,1380
1564,1380
886,1380
890,1380
1385,1381
1474,1381
1491,1381
890,1381
3,1382
774,1382
1663,1382
879,1382
12,1383
50,1383
67,1383
255,1383
273,1383
1491,1384
1663,1384
901,1384
255,1384
262,1384
909,1385
919,1385
273,1385
1003,1385
558,1386
67,1386
1727,1386
879,1386
891,1386
1,1387
1761,1387
1838,1387
1055,1387
1974,1387
444,1388
485,1388
50,1389
1564,1389
906,1389
1910,1389
901,1390
259,1390
1761,1390
254,1390
1807,1390
259,1391
255,1391
1765,1391
1748,1391
1741,1391
922,1392
929,1392
1231,1392
1054,1392
353,1392
894,1393
1807,1393
1845,1393
1884,1393
1916,1393
254,1394
1761,1394
2097,1394
2161,1394
50,1395
1564,1395
1609,1395
259,1395
1927,1396
2087,1396
1244,1396
2066,1396
2138,1396
255,1397
890,1397
941,1397
261,1397
1763,1397
1742,1398
1761,1398
1030,1398
1860,1398
1382,1399
1678,1399
1663,1399
1041,1399
0,1400
1435,1400
1400,1400
670,1400
729,1400
894,1401
995,1401
1128,1401
1127,1401
377,1401
1,1402
1423,1402
1768,1402
1818,1402
1844,1403
463,1403
1372,1403
67,1404
1727,1404
897,1404
894,1404
259,1404
265,1405
901,1405
273,1405
1824,1405
986,1405
255,1406
295,1406
973,1406
1825,1406
310,1406
547,1407
1385,1407
265,1407
939,1407
1788,1407
1903,1408
539,1408
1491,1409
255,1409
941,1409
1763,1409
295,1409
899,1410
758,1410
1740,1410
909,1410
894,1410
1419,1411
74,1411
1727,1411
886,1411
255,1411
345,1412
1017,1412
1024,1412
1432,1413
840,1413
257,1413
302,1413
351,1413
1342,1414
0,1415
1768,1415
254,1415
1748,1415
1871,1415
901,1416
1417,1417
1436,1417
1762,1417
938,1417
1989,1417
1762,1418
261,1418
1979,1418
384,1418
1162,1418
2153,1419
492,1419
894,1420
940,1420
1897,1420
2036,1420
2051,1420
884,1421
956,1421
1048,1421
428,1421
1242,1421
1596,1422
906,1422
1812,1422
67,1423
303,1423
1056,1423
1564,1424
884,1424
351,1424
1006,1424
1992,1424
1491,1425
890,1425
1010,1425
1958,1425
371,1426
2015,1426
2102,1426
451,1426
1270,1426
1609,1427
259,1427
1761,1427
1807,1427
1475,1428
653,1428
1564,1428
300,1428
997,1428
623,1429
786,1429
1663,1429
1078,1429
1056,1430
2052,1430
374,1431
519,1432
1767,1433
897,1434
960,1434
1051,1434
321,1434
341,1434
1835,1435
2132,1435
1324,1435
1362,1435
1385,1436
1474,1436
1526,1436
1761,1437
311,1437
1145,1437
488,1437
648,1438
1770,1438
1807,1438
1771,1438
376,1438
919,1439
988,1439
1941,1439
1055,1439
1663,1440
1727,1440
901,1440
259,1440
981,1440
326,1441
953,1441
414,1441
1271,1441
259,1442
1748,1442
952,1442
254,1442
1760,1442
2059,1443
1364,1443
0,1444
67,1444
891,1444
909,1444
312,1444
255,1445
1783,1445
1068,1445
1385,1446
1474,1446
890,1446
1810,1446
1000,1446
1092,1447
411,1447
1988,1447
2078,1447
468,1447
1748,1448
1807,1448
292,1448
340,1448
444,1448
1692,1449
1575,1449
1761,1449
1838,1449
1314,1449
872,1450
1748,1450
1770,1450
296,1450
1897,1450
568,1451
1748,1451
1791,1451
1897,1451
52,1452
1491,1452
872,1452
894,1452
1779,1452
1867,1453
1068,1453
1904,1453
1101,1453
1609,1456
1068,1456
381,1456
1889,1456
50,1457
894,1457
317,1457
346,1457
1075,1457
733,1458
1564,1458
1742,1458
906,1458
1795,1458
1768,1459
454,1459
408,1459
1207,1459
1210,1459
894,1460
255,1460
295,1460
1092,1460
1143,1460
1740,1461
894,1461
255,1461
273,1461
670,1462
894,1462
901,1462
1761,1462
300,1462
255,1463
273,1464
281,1464
1047,1464
1056,1464
1761,1465
312,1465
879,1466
1941,1466
401,1466
1984,1466
67,1467
265,1467
259,1467
1111,1467
1795,1467
1423,1468
345,1468
960,1468
326,1468
1403,1469
1491,1469
890,1469
1111,1469
1833,1469
1032,1470
2011,1470
452,1470
2169,1470
2160,1470
345,1471
1761,1471
276,1471
988,1471
1849,1471
265,1472
894,1472
1768,1472
273,1472
341,1472
1413,1473
1403,1473
1469,1473
1479,1473
774,1473
518,1474
1609,1475
273,1475
997,1475
1417,1476
1663,1476
906,1476
1019,1476
1042,1476
1564,1477
919,1477
1938,1477
2009,1477
784,1478
2122,1478
1261,1478
1325,1478
1375,1479
1474,1479
1491,1479
758,1479
1727,1479
255,1480
1761,1480
1051,1480
2119,1481
2179,1481
1575,1482
1829,1482
1989,1482
942,1482
1142,1482
2143,1483
1313,1483
54,1484
1768,1484
313,1484
1103,1484
374,1484
261,1485
1596,1486
1761,1486
1961,1486
1180,1486
1021,1486
1761,1487
982,1487
1055,1487
1948,1487
261,1488
988,1488
1838,1488
2037,1488
1281,1488
1491,1489
255,1489
906,1489
1857,1489
1965,1489
1375,1490
1944,1490
1998,1490
815,1492
916,1492
1089,1492
362,1492
563,1493
35,1493
1673,1493
1819,1493
319,1493
259,1494
981,1494
1760,1494
1900,1494
1408,1495
653,1495
67,1495
1491,1495
265,1495
1432,1496
1791,1496
1868,1496
1899,1496
1202,1496
299,1497
1761,1497
311,1497
1845,1497
973,1497
67,1498
1740,1498
905,1498
1761,1498
1777,1499
927,1499
1272,1499
1046,1499
1307,1499
52,1500
67,1500
1740,1500
1051,1500
1955,1500
1743,1501
1905,1501
1947,1501
351,1501
7,1502
1868,1502
1845,1502
973,1502
1030,1502
889,1503
1818,1503
292,1503
1849,1503
1825,1504
1169,1504
1491,1505
247,1505
245,1505
276,1505
1807,1505
52,1506
1075,1506
374,1506
515,1506
980,1507
1851,1507
1860,1507
1043,1507
1894,1507
550,1508
2058,1508
530,1508
365,1509
7,1510
77,1510
1491,1510
1034,1510
858,1511
960,1511
973,1511
1933,1511
1491,1512
919,1512
1824,1512
886,1512
1838,1512
1663,1513
1760,1513
329,1513
366,1513
1055,1513
353,1514
1082,1514
1312,1514
257,1515
261,1515
941,1515
973,1515
1801,1515
1727,1516
1575,1516
450,1516
448,1516
2015,1516
937,1517
2013,1517
2004,1517
1491,1518
345,1518
1794,1518
345,1519
1768,1519
927,1519
1761,1519
1748,1519
1382,1520
1385,1520
1491,1520
1518,1520
1663,1521
774,1521
940,1521
995,1521
1864,1521
259,1522
298,1522
424,1522
1564,1523
255,1523
1012,1523
1954,1523
267,1524
1753,1524
1851,1524
1047,1524
1952,1524
1747,1525
359,1525
1230,1525
0,1526
276,1526
977,1527
361,1527
2163,1527
1327,1527
288,1528
1196,1528
522,1528
2023,1528
255,1529
1180,1529
1021,1529
67,1530
1727,1530
901,1530
1761,1530
0,1531
1807,1531
1247,1531
291,1532
1027,1532
370,1532
421,1532
1985,1532
1663,1533
1759,1533
259,1533
1762,1533
1791,1533
786,1534
1454,1534
49,1534
948,1534
1812,1534
1166,1535
2029,1535
1253,1535
484,1535
67,1536
901,1536
273,1536
1761,1536
1748,1536
896,1537
2086,1537
1285,1537
1474,1538
929,1538
1774,1538
403,1538
439,1538
1382,1539
1385,1539
1873,1539
1930,1539
254,1540
1912,1540
1893,1540
1984,1540
648,1541
967,1541
1788,1541
743,1542
318,1542
2045,1542
2012,1542
1197,1542
1768,1543
374,1543
437,1543
2009,1543
1332,1543
1768,1544
953,1544
319,1544
1138,1544
438,1544
1727,1545
909,1545
1761,1545
1741,1545
1115,1546
1969,1546
2105,1546
1825,1547
1078,1547
1925,1547
273,1549
1791,1549
962,1549
1865,1549
1879,1549
1919,1550
2134,1550
1727,1551
2066,1551
1262,1551
1277,1551
1877,1552
1997,1552
1165,1552
1248,1552
50,1553
273,1553
287,1553
1916,1553
1759,1554
259,1554
255,1554
273,1554
1891,1554
1491,1555
1518,1555
1041,1555
255,1555
879,1556
276,1556
1073,1556
1118,1556
1084,1556
1989,1557
1156,1557
1215,1557
456,1557
879,1558
1740,1558
255,1558
1761,1558
986,1558
1,1559
1040,1559
2043,1559
264,1560
1071,1560
2073,1560
261,1561
1850,1561
1122,1561
2100,1561
262,1562
1761,1562
886,1562
1970,1562
1956,1562
1384,1563
1403,1563
917,1563
305,1563
987,1563
255,1565
264,1565
273,1565
1748,1565
255,1566
1761,1566
1985,1566
300,1567
1047,1567
1155,1567
1990,1567
1247,1567
1188,1568
20,1569
1663,1569
259,1569
1111,1569
1761,1569
36,1570
1491,1570
1609,1570
1759,1570
252,1570
67,1571
259,1571
257,1571
1008,1571
351,1571
1564,1572
901,1572
1885,1572
997,1572
366,1572
2075,1573
379,1573
430,1573
67,1574
973,1574
1912,1574
329,1574
1056,1574
1146,1575
50,1577
499,1577
1830,1578
329,1578
1840,1578
1087,1578
1663,1579
858,1579
259,1579
1748,1579
1802,1579
259,1580
981,1580
1111,1580
1761,1580
295,1580
1385,1581
919,1581
270,1581
984,1581
920,1582
1909,1582
2106,1582
460,1582
259,1583
1008,1583
310,1583
1382,1584
1678,1584
1520,1584
1677,1584
1041,1584
305,1585
279,1585
2011,1585
1213,1585
1663,1586
901,1586
1235,1586
1085,1586
2127,1586
1814,1587
295,1587
435,1587
829,1588
1740,1588
1761,1588
960,1588
295,1588
255,1589
1742,1589
1871,1589
1885,1589
1945,1590
1727,1591
858,1591
956,1591
273,1591
1125,1591
273,1592
1007,1592
1148,1592
2060,1592
1692,1593
1097,1593
1144,1593
1757,1594
1047,1594
420,1594
1882,1595
1938,1595
1996,1595
457,1595
2081,1596
511,1596
520,1596
308,1597
1942,1597
1089,1597
1183,1597
1054,1598
2117,1598
1232,1598
1297,1598
648,1599
1663,1599
813,1599
295,1599
1491,1600
259,1600
884,1600
1575,1601
894,1601
255,1601
1851,1601
311,1601
67,1602
1761,1602
2041,1602
1835,1603
1880,1603
1955,1603
2072,1603
984,1604
341,1604
1933,1604
1089,1604
410,1604
1030,1605
1073,1605
1926,1605
1518,1606
1041,1606
1024,1606
1814,1607
1,1608
1761,1608
377,1608
1981,1609
67,1610
1759,1610
259,1610
273,1610
1385,1611
1375,1611
653,1611
989,1611
1905,1611
2007,1612
2002,1612
434,1612
491,1612
262,1613
273,1613
1820,1613
1824,1613
348,1613
1385,1614
1413,1614
1474,1614
243,1614
904,1614
1564,1615
897,1615
1068,1615
1956,1615
622,1616
706,1616
1491,1616
901,1616
254,1616
1491,1617
1742,1617
1030,1617
994,1617
402,1617
949,1618
2139,1618
2174,1618
1564,1619
894,1619
293,1619
1025,1619
329,1619
640,1620
1048,1620
998,1620
1825,1620
1382,1621
1763,1621
882,1621
884,1622
1149,1622
1164,1622
1193,1622
2086,1622
894,1623
394,1623
1281,1623
1270,1623
380,1623
962,1624
1066,1624
1902,1624
1195,1624
1742,1625
287,1625
1741,1625
50,1626
824,1626
2039,1626
2118,1626
1609,1627
984,1627
362,1627
1101,1627
1053,1628
1086,1628
1210,1628
1845,1629
2097,1629
889,1630
1947,1630
352,1630
931,1631
986,1631
1897,1631
1903,1631
273,1632
1788,1632
970,1632
1868,1632
1849,1632
1068,1633
2061,1633
872,1634
871,1634
295,1634
1008,1634
1878,1634
1414,1635
894,1636
1742,1636
269,1636
973,1637
1006,1637
1089,1637
1938,1637
7,1638
1410,1638
1753,1638
1152,1639
393,1639
2032,1639
1878,1640
2016,1640
2053,1640
1609,1641
1068,1641
1227,1641
894,1642
1913,1642
2121,1642
52,1643
1491,1643
670,1643
729,1643
265,1643
1984,1644
1085,1644
1361,1644
259,1645
1857,1645
1802,1645
1029,1645
1864,1645
1761,1646
1807,1646
927,1647
906,1647
1791,1647
1065,1647
1097,1647
1663,1648
824,1648
273,1648
295,1648
1806,1648
1820,1649
1997,1649
858,1650
1740,1650
980,1650
273,1650
311,1650
1042,1651
1068,1651
2005,1651
1194,1651
394,1652
2017,1652
1255,1652
1286,1652
284,1653
1061,1653
1838,1653
1906,1653
50,1654
1759,1654
970,1654
1092,1654
1741,1655
305,1655
1142,1655
1213,1655
7,1656
901,1656
1742,1656
905,1656
67,1657
758,1657
1609,1657
1731,1657
262,1657
1491,1658
1860,1658
337,1658
1904,1658
273,1659
1760,1659
1026,1659
395,1659
1809,1660
470,1660
894,1661
1132,1661
2024,1661
2142,1661
7,1662
968,1662
2111,1662
516,1662
315,1663
897,1664
259,1664
981,1664
1761,1664
1081,1664
7,1665
1076,1665
1189,1665
1481,1666
345,1666
2065,1666
1917,1666
281,1666
1491,1667
1740,1667
1909,1667
1056,1667
67,1668
901,1668
1748,1668
261,1668
1858,1669
1938,1669
1166,1669
2154,1669
844,1670
1550,1670
905,1670
1029,1670
67,1671
259,1671
1761,1671
1845,1671
894,1672
255,1672
1768,1672
379,1672
1087,1672
1377,1673
2186,1673
67,1674
1609,1674
255,1674
1761,1674
292,1674
858,1675
1761,1675
1115,1675
0,1676
1384,1676
1474,1676
1564,1676
1748,1676
717,1677
1382,1678
670,1678
743,1678
815,1678
1751,1678
1845,1679
355,1679
434,1679
2048,1679
7,1680
1491,1680
345,1680
1763,1680
1491,1681
1802,1681
1895,1681
1760,1681
1019,1681
1408,1682
897,1683
901,1683
254,1683
1761,1683
1080,1683
1381,1684
1473,1684
1692,1684
1041,1684
305,1684
1765,1685
1783,1685
402,1685
2054,1685
1576,1686
1491,1686
758,1686
833,1686
259,1686
1934,1687
1064,1687
1938,1687
1968,1687
2050,1687
1491,1688
984,1688
1974,1688
352,1688
488,1688
1895,1689
378,1689
67,1690
901,1690
259,1690
1111,1690
50,1691
1663,1691
314,1691
1838,1691
999,1693
2098,1693
299,1694
1118,1694
396,1694
1200,1694
469,1694
1425,1695
987,1695
1001,1695
1978,1695
1385,1696
1403,1696
1474,1696
1787,1696
7,1697
1787,1697
1034,1697
1171,1697
2068,1697
1966,1698
1982,1698
386,1698
463,1698
1271,1698
858,1699
894,1699
980,1699
315,1699
394,1699
1491,1700
254,1700
1065,1700
1066,1700
1067,1701
1090,1701
2099,1701
480,1701
1894,1702
1081,1702
1904,1702
395,1702
2018,1702
1375,1703
1408,1703
52,1703
67,1703
1491,1703
2083,1704
1339,1704
954,1705
346,1705
1105,1705
1866,1705
1087,1705
950,1706
1491,1706
1752,1706
255,1707
1788,1707
1787,1707
287,1707
1795,1707
1913,1708
385,1708
1075,1708
1974,1708
1130,1708
872,1709
894,1709
261,1709
2097,1709
1930,1710
1350,1710
258,1711
389,1711
1311,1711
988,1712
1760,1712
1068,1712
395,1712
1609,1713
261,1713
1940,1713
1960,1714
894,1714
1761,1714
1047,1714
259,1715
889,1715
1836,1715
1092,1715
1110,1715
1798,1716
1177,1716
270,1717
445,1717
2038,1717
507,1717
1692,1718
935,1718
1047,1718
1161,1718
670,1719
901,1719
285,1719
760,1719
1040,1719
295,1720
1901,1720
411,1721
1241,1721
1116,1721
2130,1721
1761,1722
1115,1722
401,1722
1932,1722
1170,1722
362,1723
1423,1724
971,1724
1234,1724
259,1725
1002,1725
1806,1725
1019,1725
1065,1725
1967,1726
1301,1726
2164,1726
1105,1728
1932,1728
2088,1728
1320,1728
380,1728
948,1729
1037,1729
1853,1729
2112,1729
67,1730
729,1730
1727,1730
255,1730
273,1730
2015,1732
670,1733
265,1733
259,1733
1111,1733
273,1733
1134,1734
1301,1734
1761,1735
1011,1735
1356,1735
891,1736
894,1736
255,1736
1807,1736
255,1737
294,1737
322,1737
1898,1737
1187,1737
252,1738
260,1738
324,1738
255,1739
254,1739
1974,1739
1966,1739
15,1744
798,1744
296,1744
1026,1744
366,1744
1226,1746
67,1750
299,1750
1930,1750
486,1750
357,1752
1026,1752
362,1752
67,1754
1770,1754
62,1754
1776,1754
1771,1754
1403,1755
1564,1755
255,1755
278,1755
52,1756
1351,1756
284,1757
0,1758
1575,1758
879,1758
1779,1758
1491,1759
265,1759
1759,1759
259,1759
1491,1764
729,1764
265,1764
1748,1764
1787,1764
1899,1766
391,1766
1264,1766
471,1770
2197,1770
0,1771
1377,1771
1408,1771
50,1771
52,1771
919,1772
988,1772
1491,1773
1727,1773
1778,1773
1089,1773
1889,1773
1,1775
0,1775
553,1775
1423,1775
683,1775
891,1777
894,1777
927,1777
1838,1777
1840,1777
2101,1778
528,1778
50,1779
52,1779
1727,1779
255,1779
261,1779
1748,1780
1936,1780
436,1780
447,1780
2076,1780
2042,1781
1084,1784
282,1785
1845,1785
1030,1785
1894,1785
2006,1785
1131,1786
1204,1786
447,1786
1153,1786
1316,1786
1743,1788
1328,1788
1345,1788
2202,1792
514,1792
813,1797
895,1797
894,1799
255,1799
1807,1799
1897,1799
1065,1799
1776,1800
1094,1800
67,1803
1403,1808
67,1809
891,1809
1974,1809
428,1809
501,1809
1235,1810
1861,1813
2189,1813
2,1816
1225,1817
1736,1822
1740,1822
894,1822
295,1822
1048,1822
1225,1823
887,1827
958,1828
2082,1828
1201,1828
1377,1830
1881,1831
1115,1834
389,1834
345,1843
901,1843
906,1843
1899,1843
1059,1843
919,1844
1844,1844
1382,1847
1491,1847
1520,1847
1041,1847
2033,1848
1225,1848
961,1850
1026,1852
1019,1852
322,1852
2002,1852
1385,1855
901,1855
1748,1855
973,1855
1031,1855
290,1861
1845,1862
1068,1862
366,1862
1181,1862
879,1863
1807,1863
261,1863
312,1863
1878,1863
299,1870
1838,1870
393,1870
1192,1870
1185,1870
894,1888
255,1888
374,1888
2068,1888
1892,1892
988,1896
1989,1896
540,1906
1343,1922
1548,1924
976,1924
279,1924
1198,1924
1371,1938
1328,1950
2183,1951
2201,1951
938,1960
1663,1966
1762,1966
954,1966
2022,1966
2062,1966
1863,1978
2090,1978
2177,1978
1348,1982
0,1985
1272,1985
1818,2007
2171,2015
362,2023
1115,2023
1069,2023
1663,2036
1761,2040
2173,2040
2185,2040
1355,2040
1423,2052
1056,2052
2138,2052
67,2085
1056,2085
374,2085
512,2085
1781,2095
2093,2095
1423,2108
879,2108
366,2108
1216,2147
330,2181
346,2181
2195,2181
1367,2181
